"Id","IsDeleted","MasterRecordId","Salutation","FirstName","LastName","Title","Company","Street","City","State","PostalCode","Country","Latitude","Longitude","GeocodeAccuracy","Phone","MobilePhone","Fax","Email","Website","Description","LeadSource","Status","Industry","Rating","AnnualRevenue","NumberOfEmployees","OwnerId","HasOptedOutOfEmail","IsConverted","ConvertedDate","ConvertedAccountId","ConvertedContactId","ConvertedOpportunityId","IsUnreadByOwner","CreatedDate","CreatedById","LastModifiedDate","LastModifiedById","SystemModstamp","LastActivityDate","DoNotCall","HasOptedOutOfFax","LastTransferDate","Jigsaw","JigsawContactId","CleanStatus","CompanyDunsNumber","DandbCompanyId","EmailBouncedReason","EmailBouncedDate","SICCode__c","ProductInterest__c","Primary__c","CurrentGenerators__c","NumberofLocations__c"
"00Q4600000LbVvfEAF","0","","Ms.","Bertha","Boxer","Director of Vendor Relations","Farmers Coop. of Florida","321 Westcott Building","Tallahassee","FL","32306","USA","","","","(850) 644-4200","","(850) 644-4300","bertha@fcof.net","","","Web","Working - Contacted","Agriculture","Hot","900750000","","00546000001l1cJAAQ","0","0","","000000000000000AAA","000000000000000AAA","000000000000000AAA","1","2018-10-13 17:16:45","00546000001l1cJAAQ","2018-10-13 17:16:45","00546000001l1cJAAQ","2018-10-13 17:17:59","","0","0","2018-10-13 17:17:59","","","Pending","","","","","2768","GC5000 series","Yes","All","130.0"
"00Q4600000LbVvgEAF","0","","Ms","Phyllis","Cotton","CFO","Abbott Insurance","","","VA","","USA","","","","(703) 757-1000","","","pcotton@abbottins.net","","","Web","Open - Not Contacted","","","","","00546000001l1cJAAQ","0","0","","000000000000000AAA","000000000000000AAA","000000000000000AAA","1","2018-10-13 17:16:45","00546000001l1cJAAQ","2018-10-13 17:16:45","00546000001l1cJAAQ","2018-10-13 17:17:59","","0","0","2018-10-13 17:17:59","","","Pending","","","","","2768","GC5000 series","Yes","All","130.0"
"00Q4600000LbVvhEAF","0","","Mr","Jeff","Glimpse","SVP, Procurement","Jackson Controls","","","","","Taiwan","","","","886-2-25474189","","","jeffg@jackson.com","","","Phone Inquiry","Open - Not Contacted","","","","","00546000001l1cJAAQ","0","0","","000000000000000AAA","000000000000000AAA","000000000000000AAA","1","2018-10-13 17:16:45","00546000001l1cJAAQ","2018-10-13 17:16:45","00546000001l1cJAAQ","2018-10-13 17:17:59","","0","0","2018-10-13 17:17:59","","","Pending","","","","","2768","GC5000 series","Yes","All","130.0"
"00Q4600000LbVviEAF","0","","Mr","Mike","Braund","VP, Technology","Metropolitan Health Services","","","MD","","USA","","","","(410) 381-2334","","","likeb@metro.com","","","Purchased List","Open - Not Contacted","","","","","00546000001l1cJAAQ","0","0","","000000000000000AAA","000000000000000AAA","000000000000000AAA","1","2018-10-13 17:16:45","00546000001l1cJAAQ","2018-10-13 17:16:45","00546000001l1cJAAQ","2018-10-13 17:17:59","","0","0","2018-10-13 17:17:59","","","Pending","","","","","2768","GC5000 series","Yes","All","130.0"
"00Q4600000LbVvjEAF","0","","Ms","Patricia","Feager","CEO","International Shipping Co.","","","NC","","USA","","","","(336) 777-1970","","","patricia_feager@is.com","","","Partner Referral","Working - Contacted","","","","","00546000001l1cJAAQ","0","0","","000000000000000AAA","000000000000000AAA","000000000000000AAA","1","2018-10-13 17:16:45","00546000001l1cJAAQ","2018-10-13 17:16:45","00546000001l1cJAAQ","2018-10-13 17:17:59","","0","0","2018-10-13 17:17:59","","","Pending","","","","","2768","GC5000 series","Yes","All","130.0"
"00Q4600000LbVvkEAF","0","","Ms","Brenda","Mcclure","CFO","Cadinal Inc.","","","IL","","USA","","","","(847) 262-5000","","","brenda@cardinal.net","","","Web","Working - Contacted","","","","","00546000001l1cJAAQ","0","0","","000000000000000AAA","000000000000000AAA","000000000000000AAA","1","2018-10-13 17:16:45","00546000001l1cJAAQ","2018-10-13 17:16:45","00546000001l1cJAAQ","2018-10-13 17:17:59","","0","0","2018-10-13 17:17:59","","","Pending","","","","","2768","GC5000 series","Yes","All","130.0"
"00Q4600000LbVvlEAF","0","","Ms","Violet","Maccleod","VP, Finance","Emerson Transport","","","GA","","USA","","","","(770) 395-2370","","","violetm@emersontransport.com","","","Phone Inquiry","Working - Contacted","","","","","00546000001l1cJAAQ","0","0","","000000000000000AAA","000000000000000AAA","000000000000000AAA","1","2018-10-13 17:16:45","00546000001l1cJAAQ","2018-10-13 17:16:45","00546000001l1cJAAQ","2018-10-13 17:17:59","","0","0","2018-10-13 17:17:59","","","Pending","","","","","2768","GC5000 series","Yes","All","130.0"
"00Q4600000LbVvmEAF","0","","Ms","Kathy","Snyder","Regional General Manager","TNR Corp.","","","CT","","USA","","","","(860) 273-0123","","","ksynder@tnr.net","","","Purchased List","Working - Contacted","","","","","00546000001l1cJAAQ","0","0","","000000000000000AAA","000000000000000AAA","000000000000000AAA","1","2018-10-13 17:16:45","00546000001l1cJAAQ","2018-10-13 17:16:45","00546000001l1cJAAQ","2018-10-13 17:17:59","","0","0","2018-10-13 17:17:59","","","Pending","","","","","2768","GC5000 series","Yes","All","130.0"
"00Q4600000LbVvnEAF","0","","Mr","Tom","James","SVP, Production","Delphi Chemicals","","","MN","","USA","","","","(952) 346-3500","","","tom.james@delphi.chemicals.com","","","Web","Working - Contacted","","","","","00546000001l1cJAAQ","0","0","","000000000000000AAA","000000000000000AAA","000000000000000AAA","1","2018-10-13 17:16:45","00546000001l1cJAAQ","2018-10-13 17:16:45","00546000001l1cJAAQ","2018-10-13 17:17:59","","0","0","2018-10-13 17:17:59","","","Pending","","","","","2768","GC5000 series","Yes","All","130.0"
"00Q4600000LbVvoEAF","0","","Ms","Shelly","Brownell","SVP, Technology","Western Telecommunications Corp.","","","CA","","USA","","","","(408) 326-9000","","","shellyb@westerntelecom.com","","","Partner Referral","Working - Contacted","","","","","00546000001l1cJAAQ","0","0","","000000000000000AAA","000000000000000AAA","000000000000000AAA","1","2018-10-13 17:16:45","00546000001l1cJAAQ","2018-10-13 17:16:45","00546000001l1cJAAQ","2018-10-13 17:17:59","","0","0","2018-10-13 17:17:59","","","Pending","","","","","2768","GC5000 series","Yes","All","130.0"
"00Q4600000LbVvpEAF","0","","Ms","Pamela","Owenby","SVP, Technology","Hendrickson Trading","","","PA","","USA","","","","(570) 326-1571","","","pam_owenby@hendricksontrading.com","","","Partner Referral","Closed - Not Converted","","","","","00546000001l1cJAAQ","0","0","","000000000000000AAA","000000000000000AAA","000000000000000AAA","1","2018-10-13 17:16:45","00546000001l1cJAAQ","2018-10-13 17:16:45","00546000001l1cJAAQ","2018-10-13 17:17:59","","0","0","2018-10-13 17:17:59","","","Pending","","","","","7267","GC5000 series","Yes","John Deere","3.0"
"00Q4600000LbVvqEAF","0","","Mr","Norm","May","VP, Facilities","Greenwich Media","","","OH","","USA","","","","(419) 289-3555","","","norm_may@greenwich.net","","","Web","Working - Contacted","","","","","00546000001l1cJAAQ","0","0","","000000000000000AAA","000000000000000AAA","000000000000000AAA","1","2018-10-13 17:16:45","00546000001l1cJAAQ","2018-10-13 17:16:45","00546000001l1cJAAQ","2018-10-13 17:17:59","","0","0","2018-10-13 17:17:59","","","Pending","","","","","2768","GC5000 series","Yes","All","130.0"
"00Q4600000LbVvrEAF","0","","Ms","Pat","Stumuller","SVP, Administration and Finance","Pyramid Construction Inc.","","","","","France","","","","33562156600","","","pat@pyramid.net","","","Phone Inquiry","Closed - Converted","","","","","00546000001l1cJAAQ","0","0","","000000000000000AAA","000000000000000AAA","000000000000000AAA","1","2018-10-13 17:16:45","00546000001l1cJAAQ","2018-10-13 17:16:45","00546000001l1cJAAQ","2018-10-13 17:17:59","","0","0","2018-10-13 17:17:59","","","Pending","","","","","2768","GC5000 series","Yes","All","130.0"
"00Q4600000LbVvsEAF","0","","Mr","Andy","Young","SVP, Operations","Dickenson plc","","","KS","","USA","","","","(620) 241-6200","","","a_young@dickenson.com","","","Purchased List","Closed - Converted","","","","","00546000001l1cJAAQ","0","0","","000000000000000AAA","000000000000000AAA","000000000000000AAA","1","2018-10-13 17:16:45","00546000001l1cJAAQ","2018-10-13 17:16:45","00546000001l1cJAAQ","2018-10-13 17:17:59","","0","0","2018-10-13 17:17:59","","","Pending","","","","","2768","GC5000 series","Yes","All","130.0"
"00Q4600000LbVvtEAF","0","","Ms","Kristen","Akin","Director, Warehouse Mgmt","Aethna Home Products","","","VA","","USA","","","","(434) 369-3100","","","kakin@athenahome.com","","","Partner Referral","Working - Contacted","","","","","00546000001l1cJAAQ","0","0","","000000000000000AAA","000000000000000AAA","000000000000000AAA","1","2018-10-13 17:16:45","00546000001l1cJAAQ","2018-10-13 17:16:45","00546000001l1cJAAQ","2018-10-13 17:17:59","","0","0","2018-10-13 17:17:59","","","Pending","","","","","2768","GC5000 series","Yes","All","130.0"
"00Q4600000LbVvuEAF","0","","Mr","David","Monaco","CFO","Blues Entertainment Corp.","","","","","Japan","","","","(033) 452-1299","","","david@blues.com","","","Purchased List","Working - Contacted","","","","","00546000001l1cJAAQ","0","0","","000000000000000AAA","000000000000000AAA","000000000000000AAA","1","2018-10-13 17:16:45","00546000001l1cJAAQ","2018-10-13 17:16:45","00546000001l1cJAAQ","2018-10-13 17:17:59","","0","0","2018-10-13 17:17:59","","","Pending","","","","","2768","GC5000 series","Yes","All","130.0"
"00Q4600000LbVvvEAF","0","","Ms","Carolyn","Crenshaw","VP, Technology","Ace Iron and Steel Inc.","","","AL","","USA","","","","(251) 679-2200","","","carolync@aceis.com","","","Phone Inquiry","Closed - Not Converted","","","","","00546000001l1cJAAQ","0","0","","000000000000000AAA","000000000000000AAA","000000000000000AAA","1","2018-10-13 17:16:45","00546000001l1cJAAQ","2018-10-13 17:16:45","00546000001l1cJAAQ","2018-10-13 17:17:59","","0","0","2018-10-13 17:17:59","","","Pending","","","","","2768","GC5000 series","Yes","All","130.0"
"00Q4600000LbVvwEAF","0","","Mr.","Jack","Rogers","VP, Facilities","Burlington Textiles Corp of America","525 S. Lexington Ave","Burlington","NC","27215","USA","","","","(336) 222-7000","","(336) 222-8000","jrogers@btca.com","","","Web","Closed - Converted","Apparel","Warm","350000000","9000","00546000001l1cJAAQ","0","0","","000000000000000AAA","000000000000000AAA","000000000000000AAA","1","2018-10-13 17:16:45","00546000001l1cJAAQ","2018-10-13 17:16:45","00546000001l1cJAAQ","2018-10-13 17:17:59","","0","0","2018-10-13 17:17:59","","","Pending","","","","","7267","GC5000 series","Yes","John Deere","3.0"
"00Q4600000LbVvxEAF","0","","Mr","Bill","Dadio Jr","CFO","Zenith Industrial Partners","","","OH","","USA","","","","(614) 431-5000","","","bill_dadio@zenith.com","","","Web","Closed - Not Converted","","","","","00546000001l1cJAAQ","0","0","","000000000000000AAA","000000000000000AAA","000000000000000AAA","1","2018-10-13 17:16:45","00546000001l1cJAAQ","2018-10-13 17:16:45","00546000001l1cJAAQ","2018-10-13 17:17:59","","0","0","2018-10-13 17:17:59","","","Pending","","","","","7267","GC5000 series","Yes","John Deere","3.0"
"00Q4600000LbVvyEAF","0","","Ms","Eugena","Luce","CEO","Pacific Retail Group","","","MA","","USA","","","","(781) 270-6500","","","eluce@pacificretail.com","","","Purchased List","Closed - Not Converted","","","","","00546000001l1cJAAQ","0","0","","000000000000000AAA","000000000000000AAA","000000000000000AAA","1","2018-10-13 17:16:45","00546000001l1cJAAQ","2018-10-13 17:16:45","00546000001l1cJAAQ","2018-10-13 17:17:59","","0","0","2018-10-13 17:17:59","","","Pending","","","","","2768","GC5000 series","Yes","All","130.0"
"00Q4600000LbVvzEAF","0","","Ms","Sandra","Eberhard","VP, Production","Highland Manufacturing Ltd.","","","CA","","USA","","","","(626) 440-0700","","","sandra_e@highland.net","","","Purchased List","Working - Contacted","","","","","00546000001l1cJAAQ","0","0","","000000000000000AAA","000000000000000AAA","000000000000000AAA","1","2018-10-13 17:16:45","00546000001l1cJAAQ","2018-10-13 17:16:45","00546000001l1cJAAQ","2018-10-13 17:17:59","","0","0","2018-10-13 17:17:59","","","Pending","","","","","2768","GC5000 series","Yes","All","130.0"
"00Q4600000LbVw0EAF","0","","Ms","Betty","Bair","VP, Administration","American Banking Corp.","","","PA","","USA","","","","(610) 265-9100","","","bblair@abankingco.com","","","Purchased List","Working - Contacted","","","","","00546000001l1cJAAQ","0","0","","000000000000000AAA","000000000000000AAA","000000000000000AAA","1","2018-10-13 17:16:45","00546000001l1cJAAQ","2018-10-13 17:16:45","00546000001l1cJAAQ","2018-10-13 17:17:59","","0","0","2018-10-13 17:17:59","","","Pending","","","","","2768","GC5000 series","Yes","All","130.0"
